[{"@type":"mappingTemplate","id":"@1","name":"CMD_TransfNonParamtr","description":"Older scenario","bundleVersion":"0","templateId":"@3","deployTime":1590859335000,"hasParameters":false,"valid":true,"fixedConnection":true,"hasParametersDeployed":false,"fixedConnectionDeployed":true,"tasks":1,"mappingPreviewFileRecordId":"@2","documentType":"","references":[{"@type":"reference","refObjectId":"@aDfMM4BiH9Ad12zB7Zp8SY","refType":"connection"},{"@type":"reference","refObjectId":"@71smKaSLwE0ihwnJlJ7niN","refType":"connection"}]}]