[{"@type":"workflow","id":"@1","name":"LTF_inlineActionDepen","maxLogs":10,"references":[{"@type":"reference","refObjectId":"@3gwzsM6xbAIcWtinDQLXQX","refType":"mtTask"},{"@type":"reference","refObjectId":"@fEcs1Deju4rdjuiPI6h0az","refType":"dssTask"},{"@type":"reference","refObjectId":"@7PKfEPEDyexiPBSJCo474r","refType":"drsTask"},{"@type":"reference","refObjectId":"@6guFDnGTiFUioRqS47Sbyw","refType":"pcsTask"}],"tasks":[{"@type":"workflowTask","taskId":"@3gwzsM6xbAIcWtinDQLXQX","type":"MTT","name":"MCT_inlineActionDepen","stopOnError":false,"stopOnWarning":false},{"@type":"workflowTask","taskId":"@fEcs1Deju4rdjuiPI6h0az","type":"DSS","name":"dss_inlineActionDepen","stopOnError":false,"stopOnWarning":false},{"@type":"workflowTask","taskId":"@7PKfEPEDyexiPBSJCo474r","type":"DRS","name":"drs_inlineActionDepen","stopOnError":false,"stopOnWarning":false},{"@type":"workflowTask","taskId":"@6guFDnGTiFUioRqS47Sbyw","type":"PCS","name":"PCS_inlineActionDepen","stopOnError":false,"stopOnWarning":false}]}]