[{"@type":"pcsTask","id":"@1","name":"PowerCenterTask22","runtimeEnvironmentId":"@7u5IBEQ3BSdeU5R86eq0mU","maxLogs":10,"pcXmlFile":"WF_FFSRC_FFTGT.XML","workflowName":"WF_FF","sessionName":"s_map_nielsen","mappingName":"map_nielsen","transformations":[{"@type":"pcsTransformation","name":"tar_nielsen","type":"tar_nielsen","description":""},{"@type":"pcsTransformation","name":"nielsen","type":"nielsen","description":""},{"@type":"pcsTransformation","name":"SQ_nielsen","type":"SQ_nielsen","description":""}],"connections":[]}]