[{"@type":"mappingTemplate","id":"@1","name":"auto_sqlserver_Joiner_csv","description":"Mapping","bundleVersion":"0","templateId":"@3","deployTime":1586359189000,"hasParameters":false,"valid":true,"fixedConnection":true,"hasParametersDeployed":false,"fixedConnectionDeployed":true,"tasks":1,"mappingPreviewFileRecordId":"@2","references":[{"@type":"reference","refObjectId":"@02VLoap3krJiJp85JdFjaL","refType":"connection"},{"@type":"reference","refObjectId":"@7O0LEcnsbI3izei6CUMQCg","refType":"connection"}]}]