[{"@type":"mtTask","id":"@1","name":"MCT_AdvSessionProperties_Union","description":"","runtimeEnvironmentId":"@5UJPRTVrwGekN6ImSu96Mh","maxLogs":10,"verbose":false,"masterTemplateId":"@1IM5Cv36JXoko7NMjAmNax","shortDescription":"","sessionPropertiesList":[{"name":"Pushdown Optimization","value":"Full","recommended":false},{"name":"Session Log File Name","value":"out_Visio_SessionLog.txt","recommended":false},{"name":"Treat source rows as","value":"Update","recommended":false}],"enableCrossSchemaPushdown":true,"enableParallelRun":false,"autoTunedApplied":false,"autoTunedAppliedType":"NONE","serverlessProperties":{},"parameters":[{"@type":"mtTaskParameter","id":2329941,"name":"$Src$","type":"SOURCE","label":"$Src$","description":"","uiProperties":{"connectionParameterized":"true","objectParameterized":"true"},"sourceConnectionId":"@5kU63mT8GulkvwfEmx1F6Y","sourceObject":"ALC_PRODUCTS","sourceObjectLabel":"ALC_PRODUCTS","newFlatFile":false,"newObject":false,"showBusinessNames":true,"naturalOrder":true,"truncateTarget":false,"bulkApiDBTarget":false,"customFuncCfg":{"@type":"customFuncConfig","id":-1,"connections":[],"inputMap":[],"outputFields":[]},"tgtFieldRefs":{},"targetUpdateColumns":[],"runtimeAttrs":{},"isRESTModernSource":true,"isFileList":false,"handleSpecialChars":false,"frsAsset":false,"dynamicFileName":false,"currentlyProcessedFileName":false,"fetchMode":"ORIGINAL","tgtObjectAttributes":{},"runtimeParameterData":{"@type":"mtTaskRuntimeParameterData","isConnectionRuntimeParameter":false,"isObjectRuntimeParameter":false},"overriddenFields":[]},{"@type":"mtTaskParameter","id":2329942,"name":"$Src1$","type":"SOURCE","label":"$Src1$","description":"","uiProperties":{"connectionParameterized":"true","objectParameterized":"true"},"sourceConnectionId":"@9MJCLmyTMYmkIle9OJrZ41","sourceObject":"ALC_PRODUCTS","sourceObjectLabel":"ALC_PRODUCTS","newFlatFile":false,"newObject":false,"showBusinessNames":true,"naturalOrder":true,"truncateTarget":false,"bulkApiDBTarget":false,"customFuncCfg":{"@type":"customFuncConfig","id":-1,"connections":[],"inputMap":[],"outputFields":[]},"tgtFieldRefs":{},"targetUpdateColumns":[],"runtimeAttrs":{},"isRESTModernSource":true,"isFileList":false,"handleSpecialChars":false,"frsAsset":false,"dynamicFileName":false,"currentlyProcessedFileName":false,"fetchMode":"ORIGINAL","tgtObjectAttributes":{},"runtimeParameterData":{"@type":"mtTaskRuntimeParameterData","isConnectionRuntimeParameter":false,"isObjectRuntimeParameter":false},"overriddenFields":[]},{"@type":"mtTaskParameter","id":2329943,"name":"$Tgt$","type":"TARGET","label":"$Tgt$","description":"","uiProperties":{"connectionParameterized":"true","objectParameterized":"true"},"targetConnectionId":"@9MJCLmyTMYmkIle9OJrZ41","targetObject":"out_Prod_Visio","targetObjectLabel":"out_Prod_Visio","newFlatFile":false,"newObject":true,"showBusinessNames":true,"naturalOrder":true,"newObjectName":"out_Prod_Visio","truncateTarget":false,"bulkApiDBTarget":false,"customFuncCfg":{"@type":"customFuncConfig","id":-1,"connections":[],"inputMap":[],"outputFields":[]},"tgtFieldRefs":{},"targetUpdateColumns":[],"extendedObject":{"@type":"extendedObject","filters":[],"sortFields":[]},"runtimeAttrs":{},"isRESTModernSource":true,"isFileList":false,"handleSpecialChars":false,"frsAsset":false,"dynamicFileName":false,"currentlyProcessedFileName":false,"fetchMode":"ORIGINAL","tgtObjectAttributes":{},"runtimeParameterData":{"@type":"mtTaskRuntimeParameterData","isConnectionRuntimeParameter":false,"isObjectRuntimeParameter":false},"overriddenFields":[]}],"sequences":[],"inOutParameters":[],"connRuntimeAttrs":[]}]