[{"@type":"mtTask","id":"@1","name":"MCT_ConnParam","description":"Both SRC TGT object and connection parameterized","runtimeEnvironmentId":"@3C9cPpZX4Clk5IOq06KNuY","maxLogs":10,"verbose":false,"mappingId":"@71OLLggbm5Pe4goZuj6uC7","shortDescription":"Both SRC TGT object and connection parameterized","sessionProperties":{},"enableCrossSchemaPushdown":true,"autoTunedApplied":false,"parameterFileName":"param.properties","parameters":[{"@type":"mtTaskParameter","id":68472412,"name":"$Source$","type":"EXTENDED_SOURCE","label":"SRC_In","description":"","uiProperties":{"cnxtype":"Flat File","connectionParameterized":"true","logcnx":"SRC_In","isMsrcFilterParameterized":"false","isMsrcSortParameterized":"false","objlabel":"Src_Obj_Param","objectParameterized":"true","objDesc":""},"sourceConnectionId":"@0GMrs36Tn3TbtoB4dTepWf","newFlatFile":false,"newObject":false,"showBusinessNames":true,"naturalOrder":true,"truncateTarget":false,"bulkApiDBTarget":false,"customFuncCfg":{"@type":"customFuncConfig","id":-1,"connections":[],"inputMap":[],"outputFields":[]},"tgtFieldRefs":{},"targetUpdateColumns":[],"extendedObject":{"@type":"extendedObject","object":{"@type":"mObject","name":"emp.csv","label":"emp.csv","metadataUpdated":false,"relations":[],"children":[]},"filters":[],"sortFields":[]},"runtimeAttrs":{},"isRESTModernSource":true,"isFileList":false,"handleSpecialChars":false,"frsAsset":false,"dynamicFileName":false,"fetchMode":"ORIGINAL","tgtObjectAttributes":{},"runtimeParameterData":{"@type":"mtTaskRuntimeParameterData","isConnectionRuntimeParameter":true,"isObjectRuntimeParameter":true,"connectionParameterName":"SRC_In","objectParameterName":"Src_Obj_Param"},"overriddenFields":[]},{"@type":"mtTaskParameter","id":68472415,"name":"$Target$","type":"TARGET","label":"TGT_In","description":"","uiProperties":{"cnxtype":"Flat File","connectionParameterized":"true","logcnx":"TGT_In","objlabel":"Tgt_Obj_Param","objectParameterized":"true","objDesc":"","defaultTargetUpdateColumns":""},"targetConnectionId":"@0GMrs36Tn3TbtoB4dTepWf","targetObject":"out_DefaultParam_TGTSRC.csv","targetObjectLabel":"out_DefaultParam_TGTSRC.csv","newFlatFile":false,"newObject":true,"showBusinessNames":true,"naturalOrder":true,"newObjectName":"out_DefaultParam_TGTSRC.csv","truncateTarget":false,"bulkApiDBTarget":false,"operationType":"Insert","customFuncCfg":{"@type":"customFuncConfig","id":-1,"connections":[],"inputMap":[],"outputFields":[]},"tgtFieldRefs":{},"targetUpdateColumns":[],"extendedObject":{"@type":"extendedObject","filters":[],"sortFields":[]},"runtimeAttrs":{},"isRESTModernSource":true,"isFileList":false,"handleSpecialChars":false,"frsAsset":false,"dynamicFileName":false,"fetchMode":"ORIGINAL","tgtObjectAttributes":{},"runtimeParameterData":{"@type":"mtTaskRuntimeParameterData","isConnectionRuntimeParameter":true,"isObjectRuntimeParameter":true,"connectionParameterName":"TGT_In","objectParameterName":"Tgt_Obj_Param"},"overriddenFields":[]}],"sequences":[],"inOutParameters":[],"connRuntimeAttrs":[]}]