[{"@type":"workflow","id":"@1","name":"LTF_inlineActionDepen2","maxLogs":10,"references":[{"@type":"reference","refObjectId":"@63LDCPk95AYgWC3B4qMKYr","refType":"mtTask"},{"@type":"reference","refObjectId":"@3QaoN3ETocZjb5UkBb4ay4","refType":"drsTask"},{"@type":"reference","refObjectId":"@4vun1crTAlFeI7UUNxS9Kc","refType":"dssTask"},{"@type":"reference","refObjectId":"@7MWlAiTn30IfFDywzudzuq","refType":"pcsTask"}],"tasks":[{"@type":"workflowTask","taskId":"@63LDCPk95AYgWC3B4qMKYr","type":"MTT","name":"MCT_inlineActionDepen2","stopOnError":false,"stopOnWarning":false},{"@type":"workflowTask","taskId":"@3QaoN3ETocZjb5UkBb4ay4","type":"DRS","name":"drs_inlineActionDepen","stopOnError":false,"stopOnWarning":false},{"@type":"workflowTask","taskId":"@4vun1crTAlFeI7UUNxS9Kc","type":"DSS","name":"dss_inlineActionDepen","stopOnError":false,"stopOnWarning":false},{"@type":"workflowTask","taskId":"@7MWlAiTn30IfFDywzudzuq","type":"PCS","name":"PCS_inlineActionDepen","stopOnError":false,"stopOnWarning":false}]}]