[{"@type":"workflow","id":"@1","name":"LTF_inlineActionDepen2","maxLogs":10,"references":[{"@type":"reference","refObjectId":"@5qLJdrlZMSNdI5YhwDSRyc","refType":"mtTask"},{"@type":"reference","refObjectId":"@81RKMGtHo1vbcIqvdJZoOs","refType":"drsTask"},{"@type":"reference","refObjectId":"@0UfqxDzGlSpenqLiw3xMWs","refType":"dssTask"},{"@type":"reference","refObjectId":"@iFubmhhe4I4jkZ8PJrIcmC","refType":"pcsTask"}],"tasks":[{"@type":"workflowTask","taskId":"@5qLJdrlZMSNdI5YhwDSRyc","type":"MTT","name":"MCT_inlineActionDepen2","stopOnError":false,"stopOnWarning":false},{"@type":"workflowTask","taskId":"@81RKMGtHo1vbcIqvdJZoOs","type":"DRS","name":"drs_inlineActionDepen","stopOnError":false,"stopOnWarning":false},{"@type":"workflowTask","taskId":"@0UfqxDzGlSpenqLiw3xMWs","type":"DSS","name":"dss_inlineActionDepen","stopOnError":false,"stopOnWarning":false},{"@type":"workflowTask","taskId":"@iFubmhhe4I4jkZ8PJrIcmC","type":"PCS","name":"PCS_inlineActionDepen","stopOnError":false,"stopOnWarning":false}]}]