[{"@type":"workflow","id":"@1","name":"LTF_inlineActionDepen2","maxLogs":10,"references":[{"@type":"reference","refObjectId":"@8aZD92U43WVkniBdrbfEmY","refType":"mtTask"},{"@type":"reference","refObjectId":"@6HDcQwUzyVvcZJrZexkUCg","refType":"drsTask"},{"@type":"reference","refObjectId":"@14CM6yG1pi9bcBqaFnw6I0","refType":"dssTask"},{"@type":"reference","refObjectId":"@0xHhJtivuKvdt0aRU4KkwJ","refType":"pcsTask"}],"tasks":[{"@type":"workflowTask","taskId":"@8aZD92U43WVkniBdrbfEmY","type":"MTT","name":"MCT_inlineActionDepen2","stopOnError":false,"stopOnWarning":false},{"@type":"workflowTask","taskId":"@6HDcQwUzyVvcZJrZexkUCg","type":"DRS","name":"drs_inlineActionDepen","stopOnError":false,"stopOnWarning":false},{"@type":"workflowTask","taskId":"@14CM6yG1pi9bcBqaFnw6I0","type":"DSS","name":"dss_inlineActionDepen","stopOnError":false,"stopOnWarning":false},{"@type":"workflowTask","taskId":"@0xHhJtivuKvdt0aRU4KkwJ","type":"PCS","name":"PCS_inlineActionDepen","stopOnError":false,"stopOnWarning":false}]}]