[{"@type":"workflow","id":"@1","name":"LTF_inlineActionDepen2","maxLogs":10,"references":[{"@type":"reference","refObjectId":"@3ziVmU51JcVexWJj8zpnm1","refType":"mtTask"},{"@type":"reference","refObjectId":"@2Yztf86K08idSA6DnigbAu","refType":"drsTask"},{"@type":"reference","refObjectId":"@7ivsE3JX4cYhrxhsvgOzUB","refType":"dssTask"},{"@type":"reference","refObjectId":"@fOv50tRoEAjeN5Y80Mw6k5","refType":"pcsTask"}],"tasks":[{"@type":"workflowTask","taskId":"@3ziVmU51JcVexWJj8zpnm1","type":"MTT","name":"MCT_inlineActionDepen2","stopOnError":false,"stopOnWarning":false},{"@type":"workflowTask","taskId":"@2Yztf86K08idSA6DnigbAu","type":"DRS","name":"drs_inlineActionDepen","stopOnError":false,"stopOnWarning":false},{"@type":"workflowTask","taskId":"@7ivsE3JX4cYhrxhsvgOzUB","type":"DSS","name":"dss_inlineActionDepen","stopOnError":false,"stopOnWarning":false},{"@type":"workflowTask","taskId":"@fOv50tRoEAjeN5Y80Mw6k5","type":"PCS","name":"PCS_inlineActionDepen","stopOnError":false,"stopOnWarning":false}]}]