[{"@type":"mtTask","id":"@1","name":"MCT_afterupgrade_contentrepo","description":"","runtimeEnvironmentId":"@5HEeueBwmG5cqUIyW9adaD","maxLogs":10,"verbose":false,"lastRunTime":1582757469000,"mappingId":"@jlRx6pCsxAehclBt827SSA","shortDescription":"","sessionProperties":{},"enableCrossSchemaPushdown":true,"autoTunedApplied":false,"parameters":[{"@type":"mtTaskParameter","id":2425153,"name":"$src$","type":"EXTENDED_SOURCE","label":"Source (p_src_conn)","description":"Select any available source connection or create a new connection connection.","uiProperties":{"connectionParameterized":"true","logcnx":"p_src_conn","isMsrcFilterParameterized":"false","isMsrcSortParameterized":"false","objlabel":"Source","objectParameterized":"true","objDesc":"Select the source object read data from."},"sourceConnectionId":"@dNx4F9e5s64fWtnvcSnuyp","newFlatFile":false,"newObject":false,"showBusinessNames":true,"naturalOrder":true,"truncateTarget":false,"bulkApiDBTarget":false,"customFuncCfg":{"@type":"customFuncConfig","id":-1,"connections":[],"inputMap":[],"outputFields":[]},"tgtFieldRefs":{},"targetUpdateColumns":[],"extendedObject":{"@type":"extendedObject","object":{"@type":"mObject","name":"123.csv","label":"123.csv","metadataUpdated":false,"relations":[],"children":[]},"filters":[],"sortFields":[]},"runtimeAttrs":{},"isRESTModernSource":true,"isFileList":false,"handleSpecialChars":false,"frsAsset":false,"dynamicFileName":false,"tgtObjectAttributes":{},"runtimeParameterData":{"@type":"mtTaskRuntimeParameterData","isConnectionRuntimeParameter":false,"isObjectRuntimeParameter":false,"connectionParameterName":"p_src_conn","objectParameterName":"p_src_object"},"overriddenFields":[]},{"@type":"mtTaskParameter","id":2425155,"name":"$tgt$","type":"TARGET","label":"Target (p_tgt_conn)","description":"Select the target connection or create a new connection.\\n\\nThe target connection can be the same or different from the source connection.","uiProperties":{"connectionParameterized":"true","logcnx":"p_tgt_conn","objlabel":"Target","objectParameterized":"true","objDesc":"Select the object that you want to load data to.\\n\\nSelect the target operation. You have the following options:\\n\\n1. Keep previously loaded data in the target (default).  Disable the Truncate Table option, and select one of the following operations:\\na. To append data to the target, select Insert.  \\nb. To update existing records and insert new records, select Upsert and configure the update columns.\\nc. To update existing records and discard new records, select Update and configure the update columns.\\n\\n2. Fully reload the target. Select the Insert operation and enable the Truncate Table option.\\n\\n3. Delete existing records from the target. To delete existing records from the target that have the same primary key as the source, select the Delete operation, disable the Truncate Table option, and configure the update columns.\\n\\nIf the target is a file target, the Mapping task re-loads the file each time it runs.","defaultTargetUpdateColumns":"","fieldMappingParameterized":"true"},"targetConnectionId":"@dNx4F9e5s64fWtnvcSnuyp","targetObject":"asdadadad","targetObjectLabel":"asdadadad","newFlatFile":false,"newObject":false,"showBusinessNames":true,"naturalOrder":true,"truncateTarget":false,"bulkApiDBTarget":false,"operationType":"Insert","customFuncCfg":{"@type":"customFuncConfig","id":-1,"connections":[],"inputMap":[],"outputFields":[]},"tgtFieldRefs":{},"targetUpdateColumns":[],"extendedObject":{"@type":"extendedObject","filters":[],"sortFields":[]},"runtimeAttrs":{},"isRESTModernSource":true,"isFileList":false,"handleSpecialChars":false,"frsAsset":false,"dynamicFileName":false,"tgtObjectAttributes":{},"runtimeParameterData":{"@type":"mtTaskRuntimeParameterData","isConnectionRuntimeParameter":false,"isObjectRuntimeParameter":false,"connectionParameterName":"p_tgt_conn","objectParameterName":"p_tgt_object"},"overriddenFields":[]},{"@type":"mtTaskParameter","id":2425157,"name":"$p_field_map$","type":"STRING","text":"nstring (255, 0) Zip=Zip;nstring (255, 0) Salary=Salary;nstring (255, 0) Date_of_Joining=Date_of_Joining;nstring (255, 0) Month_Name_of_Joining=Month_Name_of_Joining;nstring (255, 0) Middle_Initial=Middle_Initial;nstring (255, 0) Age_in_Yrs_=Age_in_Yrs_;nstring (255, 0) Gender=Gender;nstring (255, 0) E_Mail=E_Mail;nstring (255, 0) Phone_No_=Phone_No_;nstring (255, 0) Quarter_of_Joining=Quarter_of_Joining;nstring (255, 0) County=County;nstring (255, 0) First_Name=First_Name;nstring (255, 0) Day_of_Joining=Day_of_Joining;nstring (255, 0) Year_of_Joining=Year_of_Joining;nstring (255, 0) Half_of_Joining=Half_of_Joining;nstring (255, 0) DOW_of_Joining=DOW_of_Joining;nstring (255, 0) Short_DOW=Short_DOW;nstring (255, 0) Password=Password;nstring (255, 0) Emp_ID=Emp_ID;nstring (255, 0) Weight_in_Kgs_=Weight_in_Kgs_;nstring (255, 0) User_Name=User_Name;nstring (255, 0) Name_Prefix=Name_Prefix;nstring (255, 0) Date_of_Birth=Date_of_Birth;nstring (255, 0) Place_Name=Place_Name;nstring (255, 0) Age_in_Company__Years_=Age_in_Company__Years_;nstring (255, 0) Mother_s_Name=Mother_s_Name;nstring (255, 0) City=City;nstring (255, 0) Last___Hike=Last___Hike;nstring (255, 0) Time_of_Birth=Time_of_Birth;nstring (255, 0) SSN=SSN;nstring (255, 0) Short_Month=Short_Month;nstring (255, 0) Last_Name=Last_Name;nstring (255, 0) State=State;nstring (255, 0) Father_s_Name=Father_s_Name;nstring (255, 0) Month_of_Joining=Month_of_Joining;nstring (255, 0) Region=Region;nstring (255, 0) Mother_s_Maiden_Name=Mother_s_Maiden_Name;","label":"Target Field Map (p_field_map)","description":"Map incoming fields on the left to target fields on the right.","uiProperties":{"paramtype":"Fieldmap","supressFieldmappingSuffix":"true","lefttitle":"Incoming Fields","righttitle":"Target Fields"},"newFlatFile":false,"newObject":false,"showBusinessNames":true,"naturalOrder":true,"truncateTarget":false,"bulkApiDBTarget":false,"customFuncCfg":{"@type":"customFuncConfig","id":-1,"connections":[],"inputMap":[],"outputFields":[]},"tgtFieldRefs":{},"targetUpdateColumns":[],"runtimeAttrs":{},"isRESTModernSource":true,"isFileList":false,"handleSpecialChars":false,"frsAsset":false,"dynamicFileName":false,"tgtObjectAttributes":{},"runtimeParameterData":{"@type":"mtTaskRuntimeParameterData","isConnectionRuntimeParameter":false,"isObjectRuntimeParameter":false},"overriddenFields":[]}],"sequences":[],"inOutParameters":[],"connRuntimeAttrs":[]}]