[{"@type":"mtTask","id":"@1","name":"MCT_SRCTGTConnObjRegression","description":"","runtimeEnvironmentId":"@cgghDAUErOIcHVZXpoe5q7","maxLogs":10,"verbose":false,"lastRunTime":1562839201000,"mappingId":"@aLLldtBHvuLgTSzOF7d7Uq","shortDescription":"","sessionProperties":{},"enableCrossSchemaPushdown":true,"parameterFileName":"param.properties","parameters":[{"@type":"mtTaskParameter","id":963947,"name":"$Source$","type":"EXTENDED_SOURCE","label":"In_SRC","description":"","uiProperties":{"cnxtype":"Flat File","connectionParameterized":"true","logcnx":"In_SRC","isMsrcFilterParameterized":"false","isMsrcSortParameterized":"false","objlabel":"Obj_SRC","objectParameterized":"true","objDesc":""},"sourceConnectionId":"@fwaU5O2biuvboBgh9qfFs2","newFlatFile":false,"newObject":false,"showBusinessNames":true,"naturalOrder":true,"truncateTarget":false,"bulkApiDBTarget":false,"customFuncCfg":{"@type":"customFuncConfig","id":-1,"connections":[],"inputMap":[],"outputFields":[]},"tgtFieldRefs":{},"targetUpdateColumns":[],"extendedObject":{"@type":"extendedObject","object":{"@type":"mObject","name":"mapplet3.csv","label":"mapplet3.csv","metadataUpdated":false,"relations":[],"children":[]},"filters":[],"sortFields":[]},"runtimeAttrs":{},"isRESTModernSource":true,"isFileList":false,"handleSpecialChars":false,"frsAsset":false,"tgtObjectAttributes":{},"runtimeParameterData":{"@type":"mtTaskRuntimeParameterData","isConnectionRuntimeParameter":false,"isObjectRuntimeParameter":false},"overriddenFields":[]},{"@type":"mtTaskParameter","id":963948,"name":"$Target$","type":"TARGET","label":"In_SRC","description":"","uiProperties":{"cnxtype":"Flat File","connectionParameterized":"true","logcnx":"In_SRC","objlabel":"Obj_SRC","objectParameterized":"true","objDesc":"","defaultTargetUpdateColumns":""},"targetConnectionId":"@fwaU5O2biuvboBgh9qfFs2","targetObject":"out_prodPreview.csv","targetObjectLabel":"out_prodPreview.csv","newFlatFile":false,"newObject":false,"showBusinessNames":true,"naturalOrder":true,"truncateTarget":false,"bulkApiDBTarget":false,"operationType":"Insert","customFuncCfg":{"@type":"customFuncConfig","id":-1,"connections":[],"inputMap":[],"outputFields":[]},"tgtFieldRefs":{},"targetUpdateColumns":[],"extendedObject":{"@type":"extendedObject","filters":[],"sortFields":[]},"runtimeAttrs":{},"isRESTModernSource":true,"isFileList":false,"handleSpecialChars":false,"frsAsset":false,"tgtObjectAttributes":{},"runtimeParameterData":{"@type":"mtTaskRuntimeParameterData","isConnectionRuntimeParameter":false,"isObjectRuntimeParameter":false},"overriddenFields":[]}],"sequences":[],"inOutParameters":[],"connRuntimeAttrs":[]}]